name,pfam,interpro,pdb,target_seq,eff_tot_seq_r,eff_exons
ACBP,PF00887,IPR000582,2abd,P07107.2/3-78,7239,7778
ADH_N,PF08240,IPR013154,8adh,P00327.2/35-160,177236,45096
Barstar,PF01337,IPR000468,1bta,P11540.3/6-81,4756,2
Beta-lactamase2,PF13354,IPR045155,1g68,P16897.1/41-257,17485,37
Copper-bind,PF00127,IPR000923,5pcy,P00299.2/71-168,13122,362
Crystall,PF00030,IPR001064,4gcr,P02526.2/90-171,10051,6435
Cytochrom_C,PF00034,IPR009056,1cyc,P00025.2/4-102,68475,2208
Cytochrome_CBB3,PF13442,IPR009056,451c,P00099.2/25-100,75198,465
DHFR,PF00186,IPR001796,8dfr,P00378.1/4-184,17686,2779
Death,PF00531,IPR000488,1e3y,Q13158.1/101-179,9895,6209
FGF,PF00167,IPR002209,1rg8,P05230.1/28-148,3432,3668
FHA,PF00498,IPR000253,1mzk,P46014.2/208-284,63595,18260
Fascin,PF06268,IPR022768,1hce,P13231.3/5-60,1722,1507
Flavodoxin_1,PF00258,IPR008254,5nll,P00322.1/3-128,23898,9560
Gelsolin,PF00626,IPR007123,2vil,P02640.2/27-108,18403,19369
Globin,PF00042,IPR000971,1mba,P02210.4/28-142,13154,7691
Glycolytic,PF00274,IPR000741,1ado,P00883.2/15-364,6026,5194
Gp_dh_C,PF02800,IPR020829,4wnc,P04406.3/157-314,23844,5895
Hpt,PF01627,IPR008207,1sr2,P39838.3/811-868,57627,3198
IL1,PF00340,IPR000975,2i1b,P01584.2/147-264,1144,1479
Kazal_1_,PF00050,IPR002350,2ovo,P67954.1/8-56,8342,5956
Kunitz_BPTI,PF00014,IPR002223,5pti,P00974.2/39-90,24441,12370
Lipocalin,PF00061,IPR000566,3npo,P02754.3/32-170,5755,9255
Lys,PF00062,IPR001916,2lyz,P00698.1/19-145,2035,1974
MHC_I,PF00129,IPR011161,3hla,P04439.2/25-203,10490,4828
Peptidase_M14,PF00246,IPR000834,5cpa,P00730.3/128-405,36053,30772
Phage_lysozyme,PF00959,IPR002196,1am7,P03706.1/33-140,6558,485
RNase_H,PF00075,IPR002156,1hrh,P03366.3/1037-1155,28278,5646
Ribonuclease,PF00545,IPR000026,1rnb,P00648.2/67-154,3999,657
RnaseA,PF00074,IPR023412,1rbb,P61823.1/30-147,1467,156
SBP_bac_1,PF01547,IPR006059,1omp,P0AEX9.1/45-315,54935,466
SNase,PF00565,IPR016071,1snc,P00644.1/115-224,22705,7295
Serpin,PF00079,IPR023796,1qlp,P01009.3/54-415,19934,28580
TIM,PF00121,IPR000652,1tim,P00940.2/7-246,22860,6194
Trp_syntA,PF00290,IPR002028,1bks,P00929.1/8-266,16260,2907
Trypsin,PF00089,IPR001254,3ptn,P00760.3/24-239,83202,111447
V-set,PF07686,IPR013106,1rei,P01593.2/28-111,85406,31509
ubiquitin,PF00240,IPR000626,1ubq,P0CG48.3/611-682,28986,24488
